Insert into INT_BANK.PLAYERS (PLAYERNO,NAME,INITIALS,YEAR_OF_BIRTH,SEX,YEAR_JOINED,STREET,HOUSENO,POST_CODE,TOWN,PHONENO,LEAGUENO)
values ('2','Everett','R','1948','M','1975','Stoney Road','43','3575NH','Stratford','070-237893','2411');

Insert into INT_BANK.PLAYERS (PLAYERNO,NAME,INITIALS,YEAR_OF_BIRTH,SEX,YEAR_JOINED,STREET,HOUSENO,POST_CODE,TOWN, PHONENO,LEAGUENO)
values ('6','Parmente','R','1964','M','1977','Haseltine Lane','80','1234KK','Stratford','070-476537','8467');

Insert into INT_BANK.PLAYERS (PLAYERNO,NAME,INITIALS,YEAR_OF_BIRTH,SEX,YEAR_JOINED,STREET,HOUSENO,POST_CODE,TOWN, PHONENO,LEAGUENO)
values ('7','Wise','GWS','1963','M','1981','Edgecombe Way','39','9758VB','Stratford','070-347689','8467');

Insert into INT_BANK.PLAYERS (PLAYERNO,NAME,INITIALS,YEAR_OF_BIRTH,SEX,YEAR_JOINED,STREET,HOUSENO,POST_CODE,TOWN, PHONENO,LEAGUENO)
values ('8','Newcastle','B','1962','F','1980','Station Road','4','6584WO','Inglewood','070-476573','2983');

Insert into INT_BANK.PLAYERS (PLAYERNO,NAME,INITIALS,YEAR_OF_BIRTH,SEX,YEAR_JOINED,STREET,HOUSENO,POST_CODE,TOWN, PHONENO,LEAGUENO)
values ('27','Collins','DD','1964','F','1983','Long Drive','804','8457DK','Eltham','079-234857','2513');

Insert into INT_BANK.PLAYERS (PLAYERNO,NAME,INITIALS,YEAR_OF_BIRTH,SEX,YEAR_JOINED,STREET,HOUSENO,POST_CODE,TOWN, PHONENO,LEAGUENO)
values ('28','Collins','C','1963','F','1983','Old main Road','10','1294QK','Midhurst','010-659599','');

Insert into INT_BANK.PLAYERS (PLAYERNO,NAME,INITIALS,YEAR_OF_BIRTH,SEX,YEAR_JOINED,STREET,HOUSENO,POST_CODE,TOWN, PHONENO,LEAGUENO)
values ('39','Bishop','D','1956','M','1980','Eaton Square','78','9629CD','Stratford','070-393435','');

Insert into INT_BANK.PLAYERS (PLAYERNO,NAME,INITIALS,YEAR_OF_BIRTH,SEX,YEAR_JOINED,STREET,HOUSENO,POST_CODE,TOWN, PHONENO,LEAGUENO)
values ('44','Baker','E','1963','M','1980','Lewis Street','23','4444IJ','Inglewood','070-368753','1124');

Insert into INT_BANK.PLAYERS (PLAYERNO,NAME,INITIALS,YEAR_OF_BIRTH,SEX,YEAR_JOINED,STREET,HOUSENO,POST_CODE,TOWN, PHONENO,LEAGUENO)
values ('57','Brown','M','1971','M','1985','Edgecombe Way','16','4377CB','Stratford','070-473458','6409');

Insert into INT_BANK.PLAYERS (PLAYERNO,NAME,INITIALS,YEAR_OF_BIRTH,SEX,YEAR_JOINED,STREET,HOUSENO,POST_CODE,TOWN, PHONENO,LEAGUENO)
values ('83','Hope','PK','1956','M','1982','Magdalene Road','16a','1812UP','Stratford','070-353548','1608');

Insert into INT_BANK.PLAYERS (PLAYERNO,NAME,INITIALS,YEAR_OF_BIRTH,SEX,YEAR_JOINED,STREET,HOUSENO,POST_CODE,TOWN, PHONENO,LEAGUENO)
values ('95','Miller','P','1934','M','1972','High Street','33a','5746OP','Douglas','070-867564','');

Insert into INT_BANK.PLAYERS (PLAYERNO,NAME,INITIALS,YEAR_OF_BIRTH,SEX,YEAR_JOINED,STREET,HOUSENO,POST_CODE,TOWN, PHONENO,LEAGUENO)
values ('100','Parmenter','P','1963','M','1979','Haseltine Lane','80','1234KK','Stratford','070-476537','6524');

Insert into INT_BANK.PLAYERS (PLAYERNO,NAME,INITIALS,YEAR_OF_BIRTH,SEX,YEAR_JOINED,STREET,HOUSENO,POST_CODE,TOWN, PHONENO,LEAGUENO)
values ('104','Moorman','D','1970','F','1984','Stout Street','65','9437AO','Eltham','079-987571','7060');

Insert into INT_BANK.PLAYERS (PLAYERNO,NAME,INITIALS,YEAR_OF_BIRTH,SEX,YEAR_JOINED,STREET,HOUSENO,POST_CODE,TOWN, PHONENO,LEAGUENO)
values ('112','Bayley','IP','1963','F','1984','Vixen Road','8','6391LK','Plymouth','010-54874','1319');








INSERT INTO "INT_BANK"."PENALTIES" (PLAYERNO, CDATE, AMOUNT) 
VALUES ('6', TO_DATE('1980-12-08 10:52:14', 'YYYY-MM-DD HH24:MI:SS'), '100');

INSERT INTO "INT_BANK"."PENALTIES" (PLAYERNO, CDATE, AMOUNT) 
VALUES ('44', TO_DATE('1981-05-05 10:52:14', 'YYYY-MM-DD HH24:MI:SS'), '75');

INSERT INTO "INT_BANK"."PENALTIES" (PLAYERNO, CDATE, AMOUNT) 
VALUES ('27', TO_DATE('1983-09-10 10:52:14', 'YYYY-MM-DD HH24:MI:SS'), '100');

INSERT INTO "INT_BANK"."PENALTIES" (PLAYERNO, CDATE, AMOUNT) 
VALUES ('104', TO_DATE('1984-12-08 10:52:14', 'YYYY-MM-DD HH24:MI:SS'), '50');

INSERT INTO "INT_BANK"."PENALTIES" (PLAYERNO, CDATE, AMOUNT) 
VALUES ('44', TO_DATE('1980-12-08 10:52:14', 'YYYY-MM-DD HH24:MI:SS'), '25');

INSERT INTO "INT_BANK"."PENALTIES" (PLAYERNO, CDATE, AMOUNT) 
VALUES ('8', TO_DATE('1980-12-08 10:52:14', 'YYYY-MM-DD HH24:MI:SS'), '25');

INSERT INTO "INT_BANK"."PENALTIES" (PLAYERNO, CDATE, AMOUNT) 
VALUES ('44', TO_DATE('1982-12-30 10:52:14', 'YYYY-MM-DD HH24:MI:SS'), '30');

INSERT INTO "INT_BANK"."PENALTIES" (PLAYERNO, CDATE, AMOUNT) 
VALUES ('27', TO_DATE('1984-11-12 10:52:14', 'YYYY-MM-DD HH24:MI:SS'), '75');



INSERT INTO "INT_BANK"."GAMES" (TEAMNO, PLAYERNO, WON, LOST) VALUES ('1', '2', '4', '8');
INSERT INTO "INT_BANK"."GAMES" (TEAMNO, PLAYERNO, WON, LOST) VALUES ('1', '6', '9', '1');
INSERT INTO "INT_BANK"."GAMES" (TEAMNO, PLAYERNO, WON, LOST) VALUES ('1', '8', '0', '1');
INSERT INTO "INT_BANK"."GAMES" (TEAMNO, PLAYERNO, WON, LOST) VALUES ('1', '44', '7', '5');
INSERT INTO "INT_BANK"."GAMES" (TEAMNO, PLAYERNO, WON, LOST) VALUES ('1', '57', '5', '0');
INSERT INTO "INT_BANK"."GAMES" (TEAMNO, PLAYERNO, WON, LOST) VALUES ('1', '83', '3', '3');

INSERT INTO "INT_BANK"."GAMES" (TEAMNO, PLAYERNO, WON, LOST) VALUES ('2', '8', '4', '4');
INSERT INTO "INT_BANK"."GAMES" (TEAMNO, PLAYERNO, WON, LOST) VALUES ('2', '27', '11', '2');
INSERT INTO "INT_BANK"."GAMES" (TEAMNO, PLAYERNO, WON, LOST) VALUES ('2', '104', '8', '4');
INSERT INTO "INT_BANK"."GAMES" (TEAMNO, PLAYERNO, WON, LOST) VALUES ('2', '112', '4', '8');

ALTER TABLE PENALTIES MODIFY(PAYMENTNO GENERATED AS IDENTITY (START WITH 1));


